"6","Leopoldo_Corkery","False","explicabo enim cumque porro aperiam occaecati minima"
"6","Leopoldo_Corkery","False","sed ab consequatur"
"6","Leopoldo_Corkery","False","non sunt delectus illo nulla tenetur enim omnis"
"6","Leopoldo_Corkery","False","excepturi non laudantium quo"
"6","Leopoldo_Corkery","True","totam quia dolorem et illum repellat voluptas optio"
"6","Leopoldo_Corkery","True","ad illo quis voluptatem temporibus"
"6","Leopoldo_Corkery","False","praesentium facilis omnis laudantium fugit ad iusto nihil nesciunt"
"6","Leopoldo_Corkery","True","a eos eaque nihil et exercitationem incidunt delectus"
"6","Leopoldo_Corkery","True","autem temporibus harum quisquam in culpa"
"6","Leopoldo_Corkery","True","aut aut ea corporis"
"6","Leopoldo_Corkery","False","magni accusantium labore et id quis provident"
"6","Leopoldo_Corkery","False","consectetur impedit quisquam qui deserunt non rerum consequuntur eius"
"6","Leopoldo_Corkery","False","quia atque aliquam sunt impedit voluptatum rerum assumenda nisi"
"6","Leopoldo_Corkery","False","cupiditate quos possimus corporis quisquam exercitationem beatae"
"6","Leopoldo_Corkery","False","sed et ea eum"
"6","Leopoldo_Corkery","True","ipsa dolores vel facilis ut"
"6","Leopoldo_Corkery","False","sequi quae est et qui qui eveniet asperiores"
"6","Leopoldo_Corkery","False","quia modi consequatur vero fugiat"
"6","Leopoldo_Corkery","False","corporis ducimus ea perspiciatis iste"
"6","Leopoldo_Corkery","False","dolorem laboriosam vel voluptas et aliquam quasi"
